-- mysqldump-php https://github.com/ifsnop/mysqldump-php
--
-- Host: localhost	Database: puja
-- ------------------------------------------------------
-- Server version 	5.5.5-10.4.21-MariaDB
-- Date: Fri, 19 Aug 2022 11:12:24 +0200

/*!40101 SET @OLD_CHARACTER_SET_CLIENT=@@CHARACTER_SET_CLIENT */;
/*!40101 SET @OLD_CHARACTER_SET_RESULTS=@@CHARACTER_SET_RESULTS */;
/*!40101 SET @OLD_COLLATION_CONNECTION=@@COLLATION_CONNECTION */;
/*!40101 SET NAMES utf8 */;
/*!40103 SET @OLD_TIME_ZONE=@@TIME_ZONE */;
/*!40103 SET TIME_ZONE='+00:00' */;
/*!40101 SET @OLD_AUTOCOMMIT=@@AUTOCOMMIT */;
/*!40014 SET @OLD_UNIQUE_CHECKS=@@UNIQUE_CHECKS, UNIQUE_CHECKS=0 */;
/*!40014 SET @OLD_FOREIGN_KEY_CHECKS=@@FOREIGN_KEY_CHECKS, FOREIGN_KEY_CHECKS=0 */;
/*!40101 SET @OLD_SQL_MODE=@@SQL_MODE, SQL_MODE='NO_AUTO_VALUE_ON_ZERO' */;
/*!40111 SET @OLD_SQL_NOTES=@@SQL_NOTES, SQL_NOTES=0 */;

--
-- Table structure for table `admin`
--

/*!40101 SET @saved_cs_client     = @@character_set_client */;
/*!40101 SET character_set_client = utf8 */;
CREATE TABLE `admin` (
  `id` int(11) NOT NULL AUTO_INCREMENT,
  `name` mediumtext NOT NULL,
  `username` mediumtext NOT NULL,
  `password` mediumtext NOT NULL,
  `status` int(11) NOT NULL,
  `image` mediumtext NOT NULL,
  PRIMARY KEY (`id`)
) ENGINE=InnoDB AUTO_INCREMENT=7 DEFAULT CHARSET=utf8mb4;
/*!40101 SET character_set_client = @saved_cs_client */;

--
-- Dumping data for table `admin`
--

LOCK TABLES `admin` WRITE;
/*!40000 ALTER TABLE `admin` DISABLE KEYS */;
SET autocommit=0;
INSERT INTO `admin` VALUES (1,'Dhrubo','Dhrubo','Dhrubo',1,'c'),(2,'Sauvik','Sauvik62','Sauvik62',1,'c'),(3,'Jibon','Jibon','Jibon62',1,'c'),(4,'Sartho','Sartho','GhostSartho',1,'c'),(5,'Sujon','Sujon','MadhuSujan',1,'c'),(6,'Shojib','Shojib','shojib55',1,'c');
/*!40000 ALTER TABLE `admin` ENABLE KEYS */;
UNLOCK TABLES;
COMMIT;

-- Dumped table `admin` with 6 row(s)
--

--
-- Table structure for table `blood_group`
--

/*!40101 SET @saved_cs_client     = @@character_set_client */;
/*!40101 SET character_set_client = utf8 */;
CREATE TABLE `blood_group` (
  `id` int(11) NOT NULL AUTO_INCREMENT,
  `name` varchar(11) NOT NULL,
  `value` varchar(11) NOT NULL,
  PRIMARY KEY (`id`)
) ENGINE=InnoDB AUTO_INCREMENT=9 DEFAULT CHARSET=utf8mb4;
/*!40101 SET character_set_client = @saved_cs_client */;

--
-- Dumping data for table `blood_group`
--

LOCK TABLES `blood_group` WRITE;
/*!40000 ALTER TABLE `blood_group` DISABLE KEYS */;
SET autocommit=0;
INSERT INTO `blood_group` VALUES (1,'A+',''),(2,'A-',''),(3,'B+',''),(4,'B-',''),(5,'AB+',''),(6,'AB-',''),(7,'O+',''),(8,'O-','');
/*!40000 ALTER TABLE `blood_group` ENABLE KEYS */;
UNLOCK TABLES;
COMMIT;

-- Dumped table `blood_group` with 8 row(s)
--

--
-- Table structure for table `category`
--

/*!40101 SET @saved_cs_client     = @@character_set_client */;
/*!40101 SET character_set_client = utf8 */;
CREATE TABLE `category` (
  `id` int(11) NOT NULL AUTO_INCREMENT,
  `name` varchar(255) NOT NULL,
  `status` int(11) NOT NULL,
  PRIMARY KEY (`id`)
) ENGINE=InnoDB AUTO_INCREMENT=7 DEFAULT CHARSET=utf8mb4;
/*!40101 SET character_set_client = @saved_cs_client */;

--
-- Dumping data for table `category`
--

LOCK TABLES `category` WRITE;
/*!40000 ALTER TABLE `category` DISABLE KEYS */;
SET autocommit=0;
INSERT INTO `category` VALUES (1,'à¦ªà§à¦°à¦¤à¦¿à¦®à¦¾',1),(2,'à¦²à¦¾à¦‡à¦Ÿà¦¿à¦‚',1),(3,'à¦¡à§‡à¦•à§‹à¦°à§‡à¦¶à¦¨',1),(4,'à¦ªà§à¦°à¦¸à¦¾à¦¦',1),(5,'à¦°à¦¸à¦¿à¦¦',1),(6,'à¦¨à¦¾à¦¸à§à¦¤à¦¾',1);
/*!40000 ALTER TABLE `category` ENABLE KEYS */;
UNLOCK TABLES;
COMMIT;

-- Dumped table `category` with 6 row(s)
--

--
-- Table structure for table `collection`
--

/*!40101 SET @saved_cs_client     = @@character_set_client */;
/*!40101 SET character_set_client = utf8 */;
CREATE TABLE `collection` (
  `id` int(11) NOT NULL AUTO_INCREMENT,
  `name` mediumtext NOT NULL,
  `amount` mediumtext NOT NULL,
  `added_on` mediumtext NOT NULL,
  PRIMARY KEY (`id`)
) ENGINE=InnoDB AUTO_INCREMENT=2 DEFAULT CHARSET=utf8mb4;
/*!40101 SET character_set_client = @saved_cs_client */;

--
-- Dumping data for table `collection`
--

LOCK TABLES `collection` WRITE;
/*!40000 ALTER TABLE `collection` DISABLE KEYS */;
SET autocommit=0;
INSERT INTO `collection` VALUES (1,'à¦¸à§à¦¬à¦ªà¦¨ à¦­à¦¾à¦‡','0','2021-09-13 06:09:55');
/*!40000 ALTER TABLE `collection` ENABLE KEYS */;
UNLOCK TABLES;
COMMIT;

-- Dumped table `collection` with 1 row(s)
--

--
-- Table structure for table `donors`
--

/*!40101 SET @saved_cs_client     = @@character_set_client */;
/*!40101 SET character_set_client = utf8 */;
CREATE TABLE `donors` (
  `id` int(11) NOT NULL AUTO_INCREMENT,
  `name` varchar(255) NOT NULL,
  `mobile` varchar(11) NOT NULL,
  `amount` varchar(11) NOT NULL,
  `nineteen` mediumtext NOT NULL,
  `twenty` mediumtext NOT NULL,
  `twentytwo` varchar(10) NOT NULL,
  `road_id` varchar(11) NOT NULL,
  `paid_amount` varchar(11) NOT NULL,
  `sms_status` varchar(11) NOT NULL,
  `amount_sms_status` varchar(11) NOT NULL,
  `status` int(11) NOT NULL,
  `rental_status` varchar(11) NOT NULL,
  `time_added_on` varchar(25) NOT NULL,
  `time_updated_on` varchar(25) NOT NULL,
  PRIMARY KEY (`id`)
) ENGINE=InnoDB AUTO_INCREMENT=201 DEFAULT CHARSET=utf8mb4;
/*!40101 SET character_set_client = @saved_cs_client */;

--
-- Dumping data for table `donors`
--

LOCK TABLES `donors` WRITE;
/*!40000 ALTER TABLE `donors` DISABLE KEYS */;
SET autocommit=0;
INSERT INTO `donors` VALUES (2,' à¦¸à§à¦œà¦¿à¦¤ à¦¸à¦°à¦•à¦¾à¦°','01718205055','1000','1000','1000','','3','0','1','0',1,'','2021-09-13 06:53:37','2021-09-13 06:53:37'),(3,'à¦°à¦¤à¦¨ à¦šà¦¨à§à¦¦à§à¦° à¦¶à¦°à§à¦®à¦¾ ','01724676959','500','300','300','','3','0','1','0',1,'','',''),(4,'à¦…à¦®à¦² à¦šà¦¨à§à¦¦à§à¦° à¦¦à¦¾à¦¸ ','','1500','1100','1000','','3','0','1','0',1,'','',''),(5,'à¦¸à§à¦°à§‡à¦¶ à¦šà¦¨à§à¦¦à§à¦° à¦¬à¦°à§à¦®à¦¨ ','01731486180','500','0','0','','2','0','1','0',1,'','',''),(6,'à¦¬à¦¾à¦¦à¦² à¦šà¦¨à§à¦¦à§à¦° à¦¬à¦°à§à¦®à¦¨ ','01640388707','800','500','600','','2','0','1','0',1,'','',''),(7,'à¦¤à¦ªà¦¨ à¦šà¦•à§à¦°à¦¬à¦°à§à¦¤à§€ ','01731448826','1500','1000','1000','','2','0','1','0',1,'','',''),(8,'à¦«à¦¨à¦¿ à¦šà¦¨à§à¦¦à§à¦° à¦¬à¦°à§à¦®à¦¨','01745228760','1000','2019','2020','','2','0','1','0',1,'','',''),(9,'à¦°à¦¬à§€à¦¨à§à¦¦à§à¦° à¦¨à¦¾à¦¥ à¦¬à¦°à§à¦®à¦¨ ','01629399336','1000','700','700','','6','0','1','0',1,'','',''),(10,'à¦¸à¦¨à§à¦§à¦¾ à¦¬à¦°à§à¦®à¦¨','01705256327','500','300','250','','2','0','1','0',1,'','',''),(11,'à¦°à¦¾à¦œà§‡à¦¨à§à¦¦à§à¦° à¦¶à¦°à§à¦®à¦¾','01714627333','501','500','500','','2','0','1','0',1,'','',''),(12,'à¦¸à§à¦§à¦¾à¦‚à¦¶à§ à¦°à¦¾à§Ÿ à¦¨à¦¾à§Ÿà§‡à¦•  ','01724138423','2000','1500','1500','','6','0','1','0',1,'','',''),(13,'à¦¶à§à¦¯à¦¾à¦®à¦² à¦®à§‹à¦¹à¦¨à§à¦¤','01723190211','500','300','300','','6','0','1','0',1,'','',''),(14,'à¦‰à¦ªà§‡à¦¨ à¦šà¦¨à§à¦¦à§à¦° à¦®à¦¹à¦¨à§à¦¤ ','01627246801','800','500','500','','6','0','1','0',1,'','',''),(15,'à¦…à¦¤à§à¦² à¦šà¦¨à§à¦¦à§à¦° à¦®à§‹à¦¹à¦¨à§à¦¤','01799315960','700','300','300','','6','0','1','0',1,'','',''),(16,'à¦¨à¦¿à¦ªà§‡à¦¨ à¦šà¦¨à§à¦¦à§à¦° à¦®à¦¹à¦¨à§à¦¤ ','01627246802','1500','1000','1000','','6','0','1','0',1,'','',''),(17,'à¦¬à¦¾à¦¬à§à¦² à¦¸à¦°à¦•à¦¾à¦°','01712803466','1500','1000','1000','','3','0','1','0',1,'','',''),(18,'à¦—à¦œà§‡à¦¨à§à¦¦à§à¦° à¦¶à¦°à§à¦®à¦¾ ','01751144644','800','500','300','','2','0','1','0',1,'','',''),(19,'à¦¯à¦¾à¦¤à§à¦°à¦¾ à¦®à§‹à¦¹à¦¨ à¦¬à¦°à§à¦®à¦¨ ','01717745324','800','600','600','','2','0','1','0',1,'on','2021-09-14 07:01:50','2021-09-14 07:01:50'),(20,'à¦¨à§€à¦ªà§‡à¦¨à§à¦¦à§à¦° à¦¨à¦¾à¦¥ à¦¬à¦°à§à¦®à¦¨ ','01992452769','500','500','200','','8','0','1','0',1,'','',''),(21,'à¦®à§à¦•à§à¦² à¦šà¦¨à§à¦¦à§à¦° à¦¸à¦°à¦•à¦¾à¦° ','01731440544','800','500','500','','8','0','1','0',1,'on','2021-09-14 07:00:56','2021-09-14 07:00:56'),(22,'à¦šà¦¨à§à¦¦à§à¦° à¦•à¦¾à¦¨à§à¦¤','','1500','1100','1000','','2','0','1','0',1,'','',''),(23,'à¦¶à§à¦°à§€ à¦œà¦—à¦¦à§€à¦¶ à¦šà¦¨à§à¦¦à§à¦° à¦¸à¦°à¦•à¦¾à¦° ','01718970814','800','500','400','','8','0','1','0',1,'','',''),(24,'à¦¬à¦¿à¦®à¦² à¦¸à¦°à¦•à¦¾à¦°','01302138796','1000','1000','700','','2','0','1','0',1,'on','2021-09-14 11:35:22','2021-09-14 11:35:22'),(25,'à¦•à§‹à¦•à¦¿à¦²à§‡à¦¶à§à¦¬à¦° à¦¬à¦°à§à¦®à¦¨','01718024302','500','300','300','','8','0','1','0',1,'','',''),(26,'à¦°à¦®à¦¨à¦¾à¦¥ à¦šà¦¨à§à¦¦à§à¦°','01636353531','800','500','200','','2','0','1','0',1,'','',''),(27,'à¦…à¦°à§à¦œà§à¦¨ à¦•à§à¦®à¦¾à¦° à¦°à¦¾à§Ÿ','01718313707','501','500','200','','6','','1','0',1,'on','2021-09-14 07:03:23','2021-09-14 07:03:23'),(28,'à¦¸à§à¦°à¦žà§à¦œà¦¿à¦¤ à¦¸à¦¾à¦¹à¦¾','01712338250','1500','700','500','','6','','1','0',1,'','',''),(29,'à¦¶à§à¦°à§€ à¦¨à¦•à§à¦² à¦šà¦¨à§à¦¦à§à¦° à¦®à§‹à¦¹à¦¨à§à¦¤','01742557798','800','500','300','','6','','1','0',1,'','',''),(30,'à¦…à¦¬à¦¿à¦¨à¦¾à¦¶ à¦°à¦¾à§Ÿ','01717868350','700','600','0','','2','0','1','0',1,'','',''),(31,'à¦¸à§à¦°à§‡à¦¶ à¦šà¦¨à§à¦¦à§à¦° à¦¦à¦¤à§à¦¤','01712479860','500','300','100','','6','','1','0',1,'','',''),(32,'à¦¬à¦¿à¦¶à§à¦¬à¦œà¦¿à§Ž à¦¬à¦¨à¦¿à¦•','01764264746','2500','1200','1200','','6','','1','0',1,'','',''),(33,'à¦‰à¦¤à§à¦¤à¦® à¦•à§à¦®à¦¾à¦° à¦°à¦¾à§Ÿ','01710091441','2000','1000','0','','8','','1','0',1,'','2021-10-09 10:24:10','2021-10-09 10:24:10'),(34,'à¦¨à¦—à§‡à¦¨à§à¦¦à§à¦° à¦¨à¦¾à¦¥ à¦°à¦¾à§Ÿ à¦¬à¦¨à¦¿à¦•','01725889086','1101','500','500','','3','','1','0',1,'','',''),(35,'à¦–à¦—à§‡à¦¨à§à¦¦à§à¦°  à¦¨à¦¾à¦¥ à¦°à¦¾à§Ÿ ','01727208918','1000','400','400','','3','','1','0',1,'on','2021-09-14 06:50:12','2021-09-14 06:50:12'),(36,'à¦…à¦®à§‚à¦²à§à¦¯ à¦šà¦¨à§à¦¦à§à¦° à¦¬à¦°à§à¦®à¦¨ ','','2500','1000','1000','','3','','1','0',1,'','',''),(37,'à¦¨à¦¿à¦–à¦¿à¦² à¦šà¦¨à§à¦¦à§à¦° à¦°à¦¾à§Ÿ','01722434138','1000','0','500','','3','','1','0',1,'','',''),(38,'à¦†à¦¨à¦¨à§à¦¦ à¦¸à¦¾à¦¹à¦¾','01712933547','3000','1000','800','','3','','1','0',1,'','',''),(39,'à¦¨à¦¾à¦°à¦¾à§Ÿà¦£ à¦šà¦¨à§à¦¦à§à¦° à¦¸à¦¾à¦¹à¦¾','01761596921','3000','3000','0','','3','','1','0',1,'','',''),(40,'à¦²à¦¾à¦² à¦®à§‹à¦¹à¦¨ à¦°à¦¾à§Ÿ ','01737987439','1001','300','300','','3','','1','0',1,'on','2021-09-14 06:50:55','2021-09-14 06:50:55'),(41,'à¦ªà¦°à¦®à§‡à¦¶à§à¦¬à¦° à¦¬à¦°à§à¦®à¦¨ ','01714678406','2000','1000','700','','3','0','1','0',1,'','',''),(42,'à¦¸à¦¨à¦¦ à¦¸à¦°à¦•à¦¾à¦°','01714241846','2000','1000','1000','','3','0','1','0',1,'on','2021-09-14 06:51:24','2021-09-14 06:51:24'),(43,'à¦°à¦¨à¦¬à¦¿à¦° à¦°à¦¾à§Ÿ','01780787363','3000','300','300','','3','0','1','0',1,'on','2021-09-14 06:52:20','2021-09-14 06:52:20'),(44,'à¦¨à¦¿à¦°à§à¦®à¦² à¦®à§‹à¦¹à¦¨à§à¦¤','01731946922','700','500','400','','8','0','1','0',1,'','2021-09-18 06:58:27','2021-09-18 06:58:27'),(45,'à¦…à¦®à§à¦¬à¦¿à¦•à¦¾ à¦šà¦°à¦£ à¦°à¦¾à§Ÿ','01787986842','25000','1500','1500','','3','0','1','0',1,'','2021-10-09 10:24:58','2021-10-09 10:24:58'),(46,'à¦¶à¦¿à¦ªà§à¦°à¦¾ à¦°à¦¾à§Ÿ ','01723415835','1500','500','500','','4','','1','0',1,'on','2021-09-14 07:00:06','2021-09-14 07:00:06'),(47,'à¦¶à¦‚à¦•à¦° à¦šà¦•à§à¦°à¦¬à¦°à§à¦¤à§€','01719545776','3000','0','0','','2','0','1','0',1,'','',''),(48,'কার্তিক চক্রবর্তী ','01713735508','1500','800','600','','1','0','1','0',1,'','2022-08-19 12:51:40','2022-08-19 12:51:40'),(49,'মুকুল সরকার','01727344209','3000','2000','2000','','1','0','1','0',1,'','2022-08-19 12:53:02','2022-08-19 12:53:02'),(50,'à¦²à¦¿à¦Ÿà¦¨ à¦¸à¦°à¦•à¦¾à¦°','01718898874','3000','1200','1000','','4','','1','0',1,'','',''),(51,'à¦°à¦¾à¦œà§‡à¦¨à§à¦¦à§à¦° à¦¨à¦¾à¦¥ à¦¬à¦°à§à¦®à¦¨ ','01746956181','1000','500','300','','4','','1','0',1,'','',''),(52,'à¦¸à§à¦°à§‡à¦¶ à¦šà¦¨à§à¦¦à§à¦° à¦°à¦¾à§Ÿ','01716025581','1000','600','500','','4','','1','0',1,'','',''),(53,'à¦¨à¦®à¦¿à¦¤à¦¾ à¦°à¦¾à¦¨à§€','01764955153','1000','500','500','','4','','1','0',1,'','',''),(54,'à¦¨à§Ÿà¦¨ à¦•à§à¦®à¦¾à¦° à¦°à¦¾à§Ÿ','01737819667','500','0','100','','4','','1','0',1,'','',''),(55,'à¦®à¦¿à¦²à¦¨ à¦šà¦¨à§à¦¦à§à¦° à¦¬à¦°à§à¦®à¦¨ ','01723663335','1000','0','0','','15','','1','0',1,'','',''),(56,'à¦¦à§‡à¦¬à§‡à¦¨à§à¦¦à§à¦° à¦¨à¦¾à¦¥ à¦°à¦¾à§Ÿ ','01705927257','1000','2019','2020','','3','500','1','1',1,'','2021-10-17 08:46:27','2021-10-17 08:46:27'),(58,'রনেন্দ্র নাথ চক্রবর্তী','01714762705','3000','3000','3000','','1','0','0','0',1,'','2022-08-19 12:54:57','2022-08-19 12:54:57'),(59,'à¦ªà¦²à§à¦²à¦¬ à¦°à¦¾à§Ÿ','01701256720','500','0','0','','15','','0','0',1,'','',''),(60,'সুমন্ত রায়','','1000','500','600','','1','0','0','0',1,'','2022-08-19 01:01:20','2022-08-19 01:01:20'),(61,'অধ্যাপিকা মুক্তি রায়','01712592720','1500','1200','1200','0','1','','0','0',1,'','2022-08-19 12:59:07','2022-08-19 12:59:07'),(62,'ডাক্তার বিমল চন্দ্র রায়','','1500','1000','1000','','1','','0','0',1,'','2022-08-19 01:02:01','2022-08-19 01:02:01'),(63,'অর্চনা রায়','','1000','1000','500','','1','','0','0',1,'','2022-08-19 01:02:22','2022-08-19 01:02:22'),(64,'সুকেশ চক্রবর্তী','','800','500','500','','1','','0','0',1,'','2022-08-19 01:02:57','2022-08-19 01:02:57'),(65,'প্রভাষক প্রদীপ রায়','','800','500','500','','1','','0','0',1,'','2022-08-19 01:03:13','2022-08-19 01:03:13'),(66,'à¦—à§‹à¦¬à¦¿à¦¨à§à¦¦ à¦šà¦¨à§à¦¦à§à¦° à¦¬à¦°à§à¦®à¦¨','','700','400','0','','1','','0','0',1,'','',''),(67,'à¦¸à§à¦®à¦¨à§à¦¤ à¦°à¦¾à§Ÿ','','800','600','400','','1','','0','0',1,'','',''),(68,'à¦—à§Œà¦¤à¦® à¦°à¦¾à§Ÿ','01786282174','800','500','0','','1','','0','0',1,'on','2021-10-01 05:42:20','2021-10-01 05:42:20'),(69,'বরেন্দ্র রায়','','800','500','500','','1','','0','0',1,'','2022-08-19 01:05:40','2022-08-19 01:05:40'),(70,'দীলিপ রায়','','800','0','500','','1','','0','0',1,'on','2022-08-19 01:06:13','2022-08-19 01:06:13'),(71,'à¦°à¦¿à¦ªà¦¨ à¦¦à§‡à¦¬à¦¨à¦¾à¦¥','','500','300','200','','1','','0','0',1,'on','2021-09-14 07:08:16','2021-09-14 07:08:16'),(72,'à¦¬à¦¾à¦¬à¦²à§ à¦®à§‹à¦¹à¦¨à§à¦¤','','500','300','200','','2','','0','0',1,'','',''),(73,'à¦¸à¦¤à§à¦¯à§‡à¦¨ à¦¶à§€à¦²','','500','300','200','','2','','0','0',1,'on','2021-09-14 06:49:15','2021-09-14 06:49:15'),(74,'à¦°à¦£à¦œà¦¿à¦¤ à¦°à¦¾à§Ÿ','','1500','1000','1000','','3','','0','0',1,'','',''),(75,'à¦—à§‹à¦ªà¦¾à¦² à¦šà¦¨à§à¦¦à§à¦° à¦°à¦¾à§Ÿ','','2000','2000','1000','','3','','0','0',1,'','',''),(76,'à¦®à§ƒà¦£à¦¾à¦² à¦šà¦¨à§à¦¦à§à¦° à¦°à¦¾à§Ÿ','01725448584','800','500','500','','3','','0','0',1,'on','2021-09-17 06:39:54','2021-09-17 06:39:54'),(77,'à¦œà¦—à¦¦à§€à¦¶ à¦¸à¦°à¦•à¦¾à¦°','01712223718','1500','1100','500','','3','','0','0',1,'','2021-09-17 06:44:25','2021-09-17 06:44:25'),(78,'à¦¹à¦°à¦¿à¦¦à¦¾à¦¸ à¦°à¦¾à§Ÿ','01722855636','800','500','400','','3','','0','0',1,'on','2021-09-17 06:41:57','2021-09-17 06:41:57'),(79,'à¦¨à¦¿à¦–à¦¿à¦² à¦šà¦¨à§à¦¦à§à¦° à¦¬à¦°à§à¦®à¦¨','','800','0','500','','3','','0','0',1,'on','2021-09-14 06:54:00','2021-09-14 06:54:00'),(80,'à¦¨à¦¨à§€ à¦—à§‹à¦ªà¦¾à¦² à¦¸à¦¾à¦¹à¦¾','01717749641','800','500','500','','3','','0','0',1,'','2021-09-15 06:23:57','2021-09-15 06:23:57'),(81,'à¦¤à¦¾à¦ªà¦¸ à¦°à¦¾à§Ÿ','','500','0','100','','3','','0','0',1,'on','2021-09-14 06:59:32','2021-09-14 06:59:32'),(82,'à¦ªà§à¦°à¦¶à¦¾à¦¨à§à¦¤ à¦•à§à¦®à¦¾à¦° à¦¬à¦°à§à¦®à¦¨','01714333828','3000','2000','2000','','3','','0','0',1,'','2021-09-15 06:25:34','2021-09-15 06:25:34'),(83,'à¦°à¦£à¦¬à§€à¦° à¦°à¦¾à§Ÿ','','3000','2000','2000','','3','','0','0',1,'','',''),(84,'à¦¸à§à¦•à¦¦à§‡à¦¬ à¦°à¦¾à§Ÿ','01763092208','1000','700','700','','3','','0','0',1,'on','2021-09-15 06:27:01','2021-09-15 06:27:01'),(85,'à¦¶à¦¿à¦¬à§‡à¦¨ à¦°à¦¾à§Ÿ','','500','300','300','','3','','0','0',1,'on','2021-09-14 06:57:11','2021-09-14 06:57:11'),(86,'à¦°à¦¤à¦¨ à¦°à¦¾à§Ÿ','','500','300','0','','3','','0','0',1,'','',''),(87,'à¦®à¦¾à¦¨à¦¿à¦• à¦®à§‹à¦¹à¦¨à§à¦¤','01318110441','800','500','500','','4','','0','0',1,'','2021-10-01 05:43:13','2021-10-01 05:43:13'),(88,'à¦®à¦¹à¦¾à¦®à¦¾à§Ÿà¦¾ à¦¬à¦°à§à¦®à¦¨à§€','','800','500','500','','4','','0','0',1,'','',''),(89,'à¦°à¦¬à§€à¦¨à§à¦¦à§à¦°à¦¨à¦¾à¦¥ à¦¬à¦°à§à¦®à¦¨','01718143098','1500','1000','600','','4','','0','0',1,'','2021-09-15 06:27:54','2021-09-15 06:27:54'),(90,'à¦¬à¦¿à¦®à¦² à¦®à¦¨à§à¦¡à¦²','','500','300','200','','4','','0','0',1,'on','2021-09-14 07:00:31','2021-09-14 07:00:31'),(91,'à¦¶à§à¦­ à¦¸à¦¾à¦¹à¦¾','','500','300','0','','5','','0','0',1,'','',''),(92,'à¦¬à¦¾à¦¬à¦¨ à¦šà¦¨à§à¦¦à§à¦° à¦ªà¦¾à¦²','','1000','1000','200','','5','','0','0',1,'','',''),(93,'à¦¦à¦¿à¦œà§‡à¦¨à§à¦¦à§à¦° à¦¨à¦¾à¦¥ à¦¶à§€à¦²','','1000','1000','0','','5','','0','0',1,'','',''),(94,'à¦¤à¦ªà¦¨ à¦•à§à¦®à¦¾à¦° à¦°à¦¾à§Ÿ','','700','400','300','','5','','0','0',1,'','',''),(95,'à¦…à¦¨à¦¨à§à¦¤ à¦¶à§€à¦²','','500','300','200','','6','','0','0',1,'','',''),(96,'à¦¸à§‹à¦¨à¦¾ à¦°à¦¾à¦¨à§€','','300','200','150','','6','','0','0',1,'on','2021-09-14 07:02:46','2021-09-14 07:02:46'),(97,'à¦¬à¦¿à¦œà§Ÿ à¦¸à¦¾à¦¹à¦¾','','700','500','200','','6','','0','0',1,'on','2021-09-14 07:03:15','2021-09-14 07:03:15'),(98,'à¦—à§Œà¦° à¦—à§‹à¦ªà¦¾à¦² à¦¸à¦¾à¦¹à¦¾','01716483278','2000','1500','700','','6','','0','0',1,'','2021-09-17 06:46:44','2021-09-17 06:46:44'),(99,'à¦…à¦®à§ƒà¦¤ à¦•à§à¦®à¦¾à¦° à¦¬à¦°à§à¦®à¦¨','','1500','1300','800','','11','','0','0',1,'','',''),(100,'à¦…à¦®à¦¿à¦¤ à¦¸à¦¾à¦¹à¦¾','','2500','2000','1500','','6','','0','0',1,'','',''),(101,'à¦¹à¦°à¦¿à¦¦à¦¾à¦¸ à¦¬à¦°à§à¦®à¦¨ ','','800','500','500','','11','','0','0',1,'','',''),(102,'à¦²à¦•à§à¦·à¦¨ à¦¸à¦¾à¦¹à¦¾','01712778172','1500','1000','0','','6','','0','0',1,'','2021-09-17 06:48:29','2021-09-17 06:48:29'),(103,'à¦•à¦¨à¦¿à¦•à¦¾ à¦¬à¦°à§à¦®à¦¨ ','','1500','1000','1000','','11','','0','0',1,'','',''),(104,'à¦—à§‹à¦•à§à¦² à¦šà¦¨à§à¦¦à§à¦° à¦¬à¦°à§à¦®à¦¨','','500','300','200','','6','','0','0',1,'','',''),(105,'à¦¨à¦¿à¦°à§à¦®à¦² à¦¸à¦¾à¦œà§‹à§Ÿà¦¾à¦² ','','1000','800','700','','6','','0','0',1,'on','2021-09-14 07:02:37','2021-09-14 07:02:37'),(106,'à¦¸à§à¦¬à¦² à¦šà¦¨à§à¦¦à§à¦° à¦¬à¦°à§à¦®à¦¨','','2500','2200','1500','','6','','0','0',1,'','',''),(107,'à¦…à¦¤à¦¿à¦¨à¦¨à§à¦¦à§à¦° à¦¨à¦¾à¦°à¦¾à§Ÿà¦¨ à¦¸à¦¿à¦‚à¦¹','','1000','700','0','','11','','0','0',1,'','',''),(108,'à¦—à¦¨à§‡à¦¶ à¦šà¦¨à§à¦¦à§à¦° à¦°à¦¾à§Ÿ','','800','500','300','','7','','0','0',1,'','',''),(109,'à¦­à§‹à¦²à¦¾à¦¨à¦¾à¦¥ à¦°à¦¾à§Ÿ','','500','500','0','','7','','0','0',1,'','',''),(110,'à¦¬à¦¿à¦§à§  à¦­à§à¦·à¦£ à¦°à¦¾à§Ÿ','01773507350','500','300','350','','11','','0','0',1,'','2021-10-01 05:33:45','2021-10-01 05:33:45'),(111,'à¦¨à¦²à¦¿à¦¨à§€ à¦®à§‹à¦¹à¦¨à§à¦¤','','800','500','500','','7','','0','0',1,'','',''),(112,'à¦¨à¦¿à¦¹à¦¾à¦° à¦®à§‹à¦¹à¦¨à§à¦¤','','500','300','200','','7','','0','0',1,'','',''),(113,'à¦¤à§ˆà¦²à¦•à§à¦¯ à¦°à¦¾à§Ÿ','','700','500','300','','11','','0','0',1,'','',''),(114,'à¦¸à§à¦¬à¦² à¦¬à¦°à§à¦®à¦¨','','1500','1000','0','','7','','0','0',1,'','',''),(115,'à¦ªà¦‚à¦•à¦œ à¦…à¦§à¦¿à¦•à¦¾à¦°à§€ ','','800','500','500','','7','','0','0',1,'','',''),(116,'à¦—à§‹à¦ªà¦¾à¦² à¦šà¦¨à§à¦¦à§à¦° à¦¸à¦°à¦•à¦¾à¦°','','800','500','500','','7','','0','0',1,'','',''),(117,'à¦šà§ˆà¦¤à¦¨à§à¦¯ à¦¬à¦°à§à¦®à¦¨ ','','1500','1000','1000','','11','','0','0',1,'','',''),(118,'à¦®à¦¾à¦§à¦¾à¦‡ à¦°à¦¾à§Ÿ','','500','500','0','','7','','0','0',1,'','',''),(119,'à¦¸à§à¦•à§à¦®à¦¾à¦° à¦•à§à¦¨à§à¦¡à§','','800','500','500','','11','','0','0',1,'','',''),(120,'à¦®à§à¦•à§à¦² à¦šà¦¨à§à¦¦à§à¦° à¦¬à¦°à§à¦®à¦¨','','800','400','300','','8','','0','0',1,'','',''),(121,'à¦°à¦¤à¦¨ à¦°à¦¾à§Ÿ ','','500','300','300','','8','','0','0',1,'','2021-09-17 06:35:13','2021-09-17 06:35:13'),(122,'à¦¨à¦¿à¦®à¦¾à¦‡ à¦¶à§€à¦²','','800','500','400','','8','','0','0',1,'','',''),(123,'à¦¬à¦¿à¦§à¦¾à¦¨ à¦šà¦¨à§à¦¦à§à¦° à¦¨à¦¾à§Ÿà§‡à¦• ','','700','500','300','','11','','0','0',1,'','',''),(124,'à¦…à¦œà§Ÿ à¦¸à¦¾à¦¹à¦¾ ','','500','200','100','','11','','0','0',1,'','',''),(125,'à¦¸à§à¦œà¦¨ à¦¸à§à¦¤à§à¦°à¦§à¦°','','500','300','252','','9','','0','0',1,'','',''),(126,'à¦¸à¦¨à§à¦¤à§‹à¦· à¦˜à§‹à¦·','','500','0','200','','9','','0','0',1,'','',''),(127,'à¦šà¦¨à§à¦¦à§à¦° à¦•à¦¾à¦¨à§à¦¤ à¦°à¦¾à§Ÿ','','500','300','200','','9','','0','0',1,'','',''),(128,'à¦­à¦¬à¦¦à§€à¦¶ à¦šà¦¨à§à¦¦à§à¦° ','','500','300','150','','11','','0','0',1,'','',''),(129,'à¦œà§€à¦¤à§‡à¦¨à§à¦¦à§à¦° à¦¨à¦¾à¦¥ à¦¸à¦°à¦•à¦¾à¦°','','800','500','300','','9','','0','0',1,'','',''),(130,'à¦ªà§à¦¤à§à¦² à¦°à¦¾à§Ÿ ','','700','401','455','','11','','0','0',1,'','',''),(131,'à¦¬à§€à¦°à§‡à¦¨à§à¦¦à§à¦° à¦°à¦¾à§Ÿ','','700','300','400','','9','','0','0',1,'','',''),(132,'à¦—à¦¨à§‡à¦¶ à¦šà¦¨à§à¦¦à§à¦° à¦°à¦¾à§Ÿ','','500','300','200','','9','','0','0',1,'','',''),(133,'à¦¸à§à¦¶à¦¾à¦¨à§à¦¤ à¦°à¦¾à§Ÿ','01714565877','1000','500','600','','11','','0','0',1,'','2021-10-01 05:41:18','2021-10-01 05:41:18'),(134,'à¦§à§€à¦°à§‡à¦¨à§à¦¦à§à¦° à¦¨à¦¾à¦¥ à¦°à¦¾à§Ÿ','01712771106','500','0','300','','10','','0','0',1,'','2021-10-01 05:44:04','2021-10-01 05:44:04'),(135,'à¦¬à¦¿à¦®à¦² à¦šà¦¨à§à¦¦à§à¦°','','500','0','200','','10','','0','0',1,'','',''),(136,'à¦¨à¦¿à¦°à§à¦®à¦² à¦•à§à¦®à¦¾à¦° ','','800','500','500','','11','','0','0',1,'','',''),(137,'à¦…à¦­à§‹à¦²à¦¾ à¦¬à¦°à§à¦®à¦¨','','500','300','300','','10','','0','0',1,'','',''),(138,'à¦•à¦¾à¦žà§à¦šà¦¨ à¦¬à¦°à§à¦®à¦¨','','1000','1000','300','','10','','0','0',1,'','',''),(139,'à¦‰à¦¤à§à¦¤à¦® à¦•à§à¦®à¦¾à¦° à¦°à¦¾à§Ÿ','','700','500','200','','10','','0','0',1,'','',''),(140,'à¦‰à¦¤à§à¦¤à¦® à¦°à¦¾à§Ÿ ','','800','0','500','','11','','0','0',1,'','',''),(141,'à¦œà§à¦¯à§‹à¦¤à¦¿à¦· à¦¬à¦°à§à¦®à¦¨','','1500','1000','500','','10','','0','0',1,'','',''),(142,'à¦¬à¦¿à¦·à§à¦£à§ à¦°à¦¾à§Ÿ','','500','200','200','','10','','0','0',1,'','',''),(143,'à¦®à¦¿à¦²à¦¨ à¦¸à¦°à¦•à¦¾à¦° ','01754750158','500','300','0','','12','','0','0',1,'','2021-10-01 05:40:14','2021-10-01 05:40:14'),(144,'à¦¹à¦°à§‡à¦¨ à¦°à¦¾à§Ÿ','','500','0','200','','10','','0','0',1,'','',''),(145,'à¦…à¦¨à¦¿à¦² à¦¬à¦°à§à¦®à¦¨','','800','500','300','','10','','0','0',1,'','',''),(146,'à¦¹à¦°à¦¿à¦ªà¦¦ à¦¬à¦°à§à¦®à¦¨','','1500','1000','500','','10','','0','0',1,'','',''),(147,'à¦•à¦¨à¦• à¦°à¦¾à§Ÿ ','','800','700','400','','12','','0','0',1,'','',''),(148,'à¦…à¦¨à¦¿à¦² à¦šà¦¨à§à¦¦à§à¦° à¦¬à¦°à§à¦®à¦¨','','800','600','600','','10','','0','0',1,'','',''),(149,'à¦¸à¦¾à¦§à¦¨à¦¾ à¦°à¦¾à¦¨à§€','','700','0','400','','11','','0','0',1,'','',''),(150,'à¦…à¦°à§à¦¨ à¦¸à¦¾à¦¹à¦¾ ','','1000','1500','510','','12','','0','0',1,'','',''),(151,'à¦šà¦¿à¦¤à§à¦¤à¦°à¦žà§à¦œà¦¨ à¦¬à¦°à§à¦®à¦¨','','800','0','500','','10','','0','0',1,'','',''),(152,'à¦¸à§à¦¦à¦¾à¦¨ à¦¬à¦°à§à¦®à¦¨','','300','0','100','','10','','0','0',1,'','',''),(153,'à¦°à¦£à¦œà¦¿à§Ž à¦•à¦°à§à¦®à¦•à¦¾à¦°','','700','300','250','','12','','0','0',1,'','',''),(154,'à¦°à¦˜à§à¦¨à¦¾à¦¥ à¦¸à¦°à¦•à¦¾à¦° ','','700','500','300','','12','','0','0',1,'','',''),(155,'à¦ªà¦°à§‡à¦¶ à¦°à¦¾à§Ÿ','','500','0','300','','12','','0','0',1,'','',''),(156,'à¦…à¦°à§à¦£à¦¬ à¦•à¦°à§à¦®à¦•à¦¾à¦°','','500','0','250','','12','','0','0',1,'','',''),(157,'à¦¨à¦¾à¦°à¦¾à§Ÿà¦¨ à¦°à¦¾à§Ÿ ','','700','0','400','','12','','0','0',1,'','',''),(158,'à¦¸à§à¦•à§à¦®à¦¾à¦° à¦°à¦¾à§Ÿ ','','300','0','100','','12','','0','0',1,'','',''),(159,'à¦¸à§à¦œà¦¨ à¦¬à¦¨à¦¿à¦• ','','500','301','200','','12','','0','0',1,'','',''),(160,'à¦¨à¦²à¦¿à¦¨à§€ à¦°à¦¾à§Ÿ ','','500','300','200','','12','','0','0',1,'','',''),(161,'à¦¨à¦°à§‡à¦¶ à¦šà¦¨à§à¦¦à§à¦° à¦¬à¦°à§à¦®à¦¨','','1000','700','500','','13','','0','0',1,'','',''),(162,'à¦¬à¦¿à¦®à¦² à¦•à§ƒà¦·à§à¦£ à¦°à¦¾à§Ÿ ','','800','500','300','','13','','0','0',1,'','',''),(163,'à¦­à§‹à¦²à¦¾à¦¨à¦¾à¦¥ à¦…à¦§à¦¿à¦•à¦¾à¦°à§€ ','','500','200','0','','13','','0','0',1,'','',''),(164,'à¦¶à¦¿à¦¶à¦¿à¦° à¦¦à§‡à¦¬à¦¨à¦¾à¦¥ ','01719512000','700','500','200','','13','255','0','0',1,'','2021-10-01 05:24:06','2021-10-01 05:24:06'),(165,'à¦…à¦¨à¦¿à¦² à¦•à§à¦®à¦¾à¦° à¦¸à¦¿à¦‚à¦¹ ','','500','300','200','','13','','0','0',1,'','',''),(166,'à¦¤à¦°à¦£à§€ à¦•à¦¾à¦¨à§à¦¤ à¦¬à¦°à§à¦®à¦¨ ','','800','500','500','','13','','0','0',1,'','',''),(167,'à¦…à¦°à§à¦£ à¦…à¦§à¦¿à¦•à¦¾à¦°à§€ ','','500','1000','200','','13','','0','0',1,'','',''),(168,'à¦¶à¦‚à¦•à¦° à¦°à¦¾à§Ÿ ','01750514766','500','200','200','','13','220','0','0',1,'','2021-10-01 05:24:41','2021-10-01 05:24:41'),(169,'à¦¸à¦¨à§à¦¤à§‹à¦· à¦°à¦¾à§Ÿ ','01674583429','500','200','200','','13','200','0','0',1,'','2021-10-01 05:26:35','2021-10-01 05:26:35'),(170,'à¦šà¦¨à§à¦¦à¦¨ à¦°à¦¾à§Ÿ ','01727855926','500','300','200','','13','','0','0',1,'','2021-10-01 05:27:55','2021-10-01 05:27:55'),(171,'à¦­à¦¬à§‡à¦¨ à¦¬à¦°à§à¦®à¦¨ ','','800','400','500','','13','','0','0',1,'','',''),(172,'à¦•à§‡à¦¶à¦°à§€ à¦¬à¦°à§à¦®à¦¨ ','','500','300','120','','13','','0','0',1,'','',''),(173,'à¦«à§à¦²à¦šà¦¾à¦¨ à¦¬à¦°à§à¦®à¦¨ ','01767180866','500','300','100','','13','200','0','0',1,'','2021-10-01 05:23:12','2021-10-01 05:23:12'),(174,'à¦—à§‹à¦¬à¦¿à¦¨à§à¦¦ à¦¬à¦°à§à¦®à¦¨','','1000','500','400','','13','','0','0',1,'','',''),(175,'à¦…à¦¨à¦¿à¦² à¦šà¦¨à§à¦¦à§à¦° à¦¬à¦°à§à¦®à¦¨ (à¦¬à¦¿à¦¦à§à¦¯à§à§Ž)','','2000','1000','1000','','13','','0','0',1,'','',''),(176,'à¦¶à§à¦¯à¦¾à¦®à¦¾à¦ªà¦¦ à¦°à¦¾à§Ÿ ','01796968662','300','0','100','','13','100','0','0',1,'','2021-10-01 05:22:35','2021-10-01 05:22:35'),(177,'à¦—à§Œà¦°à¦¾à¦™à§à¦— à¦šà¦¨à§à¦¦à§à¦° à¦°à¦¾à§Ÿ ','01717716677','500','0','300','','13','501','0','0',1,'','2021-10-01 05:20:34','2021-10-01 05:20:34'),(178,'à¦šà¦žà§à¦šà¦² à¦°à¦¾à§Ÿ ','','500','0','300','','13','','0','0',1,'','2021-09-14 10:45:12','2021-09-14 10:45:12'),(179,'à¦•à§ƒà¦·à§à¦£ à¦°à¦¾à§Ÿ','','700','500','130','','13','','0','0',1,'','',''),(180,'à¦ªà§à¦°à¦®à§‹à¦¦ à¦•à§à¦®à¦¾à¦° ','','500','300','250','','13','300','0','0',1,'','2021-10-01 05:21:37','2021-10-01 05:21:37'),(181,'à¦²à¦™à§à¦•à§‡à¦¶à§à¦¬à¦° à¦¸à¦¾à¦¹à¦¾ ','','300','0','100','','13','','0','0',1,'','',''),(183,'à¦®à¦¿à¦²à¦¨ à¦šà¦¨à§à¦¦à§à¦° à¦¬à¦°à§à¦®à¦¨ ','','500','0','200','','13','','0','0',1,'','',''),(184,'à¦¬à¦¿à¦œà§Ÿ ','','300','0','150','','13','','0','0',1,'','',''),(185,'à¦•à¦¾à¦¨à¦¾à¦‡ à¦²à¦¾à¦² à¦°à¦¾à§Ÿ ','','1000','500','500','','14','','0','0',1,'','',''),(186,'à¦¦à§à¦²à¦¾à¦² à¦šà¦¨à§à¦¦à§à¦° à¦°à¦¾à§Ÿ ','01712378069','1000','500','500','','14','600','0','0',1,'','2021-10-01 05:19:22','2021-10-01 05:19:22'),(187,'à¦¹à¦°à§‡à¦¨à§à¦¦à§à¦°à¦¨à¦¾à¦¥ à¦°à¦¾à§Ÿ ','01721831672','800','500','300','','14','','0','0',1,'','2021-10-01 05:31:57','2021-10-01 05:31:57'),(188,'à¦•à§ƒà¦·à§à¦£ à¦šà¦¨à§à¦¦à§à¦° à¦°à¦¾à§Ÿ ','','1000','500','450','','14','','0','0',1,'','',''),(189,'à¦—à¦¨à§‡à¦¶ à¦šà¦¨à§à¦¦à§à¦° à¦°à¦¾à§Ÿ ','01736160100','800','500','0','','14','','0','0',1,'','2021-10-01 05:29:28','2021-10-01 05:29:28'),(190,'à¦®à¦¾à§Ÿà¦¾ à¦°à¦¾à§Ÿ ','','2000','1000','1000','','14','','0','0',1,'','',''),(191,'à¦…à¦¬à¦¿à¦¨à¦¾à¦¶ à¦šà¦¨à§à¦¦à§à¦° à¦°à¦¾à§Ÿ ','','500','0','300','','14','','0','0',1,'','',''),(192,'à¦®à¦§à§ à¦¸à§à¦¦à¦¨ à¦°à¦¾à§Ÿ ','01716191603','800','0','500','','14','','0','0',1,'','','1631448897'),(195,'à¦¬à¦¿à¦ªà§à¦² à¦šà¦¨à§à¦¦à§à¦°','','500','0','100','','13','0','0','0',1,'on','2021-09-14 06:41:40','2021-09-14 06:41:40'),(196,'à¦¸à¦¾à¦¨à§à¦¤à§à¦¬à¦¨à¦¾ à¦°à¦¾à¦¨à§€','','500','0','100','','13','','0','0',1,'on','2021-09-14 06:43:14','2021-09-14 06:43:14'),(197,'à¦…à¦¨à¦¿à¦² à¦°à¦¾à§Ÿ','','500','0','100','','13','','0','0',1,'on','2021-09-14 06:44:07','2021-09-14 06:44:07'),(198,'à¦ªà§à¦°à¦¿à§Ÿà¦¨à¦¾à¦¥ à¦¸à¦°à¦•à¦¾à¦°','','1000','0','0','','6','','0','0',1,'on','2021-09-14 07:04:05','2021-09-14 07:04:05'),(199,'à¦¸à§à¦•à§à¦®à¦¾à¦° à¦°à¦¾à§Ÿ','01723429080','1000','0','0','','2','','0','0',1,'on','2021-09-17 06:42:51','2021-09-17 06:42:51'),(200,'à¦¦à§€à¦²à¦¿à¦ª à¦°à¦¾à§Ÿ','','1000','500','0','','4','','0','0',1,'on','2021-09-14 07:09:20','2021-09-14 07:09:20');
/*!40000 ALTER TABLE `donors` ENABLE KEYS */;
UNLOCK TABLES;
COMMIT;

-- Dumped table `donors` with 195 row(s)
--

--
-- Table structure for table `donorsdata`
--

/*!40101 SET @saved_cs_client     = @@character_set_client */;
/*!40101 SET character_set_client = utf8 */;
CREATE TABLE `donorsdata` (
  `id` int(11) NOT NULL AUTO_INCREMENT,
  `name` varchar(255) NOT NULL,
  `mobile` varchar(11) NOT NULL,
  `twentyone` varchar(11) NOT NULL,
  `nineteen` mediumtext NOT NULL,
  `twenty` mediumtext NOT NULL,
  `twentytwo` varchar(10) NOT NULL,
  `road_id` varchar(11) NOT NULL,
  `sms_status` varchar(11) NOT NULL,
  `amount_sms_status` varchar(11) NOT NULL,
  `status` int(11) NOT NULL,
  `rental_status` varchar(11) NOT NULL,
  `time_added_on` varchar(25) NOT NULL,
  `time_updated_on` varchar(25) NOT NULL,
  PRIMARY KEY (`id`)
) ENGINE=InnoDB AUTO_INCREMENT=112 DEFAULT CHARSET=utf8mb4;
/*!40101 SET character_set_client = @saved_cs_client */;

--
-- Dumping data for table `donorsdata`
--

LOCK TABLES `donorsdata` WRITE;
/*!40000 ALTER TABLE `donorsdata` DISABLE KEYS */;
SET autocommit=0;
INSERT INTO `donorsdata` VALUES (1,'রনেন্দ্র নাথ চক্রবর্তী','','3000','3000','3000','3000','1','0','0',1,'0','2022-08-19 01:41:20','2022-08-19 01:41:20'),(2,'সুকেশ চক্রবর্তী ','','502','501','502','','1','0','0',1,'0','2022-08-19 01:42:15','2022-08-19 01:42:15'),(3,'অধ্যাপিকা মুক্তি রায়','','1400','1201','1200','0','1','0','0',1,'0','2022-08-19 01:43:42','2022-08-19 01:43:42'),(4,'কার্তিক চক্রবর্তী ','','700','800','600','0','1','0','0',1,'0','2022-08-19 01:44:34','2022-08-19 01:44:34'),(5,'মুকুল সরকার','','4000','2001','2000','','1','0','0',1,'0','2022-08-19 01:45:19','2022-08-19 01:45:19'),(6,'ডাঃ বিমল চন্দ্র রায় ','','1200','1000','1000','','1','0','0',1,'0','2022-08-19 01:46:02','2022-08-19 01:46:02'),(7,'অর্চনা রায়','','1000','1000','500','','1','0','0',1,'0','2022-08-19 01:47:15','2022-08-19 01:47:15'),(8,'প্রভাষক প্রদীপ রায় ','','600','500','500','','1','0','0',1,'0','2022-08-19 01:47:43','2022-08-19 01:47:43'),(9,'রতীকান্ত রায় ','','0','0','1000','','1','0','0',1,'1','2022-08-19 01:48:04','2022-08-19 01:48:04'),(10,'কৃষ্ণ চন্দ্র বর্মন ','','300','500','500','','1','0','0',1,'0','2022-08-19 01:48:58','2022-08-19 01:48:58'),(11,'গোবিন্দ চন্দ্র বর্মন ','','350','400','250','','1','0','0',1,'0','2022-08-19 01:49:22','2022-08-19 01:49:22'),(12,'সুমন্ত রায় ','','500','600','400','','1','0','0',1,'1','2022-08-19 01:49:38','2022-08-19 01:49:38'),(13,'গৌতম রায় ','','500','500','0','','1','0','0',1,'1','2022-08-19 01:49:53','2022-08-19 01:49:53'),(14,'বরেন্দ্র  রায় ','','0','500','500','','1','0','0',1,'1','2022-08-19 01:50:09','2022-08-19 01:50:09'),(15,'দীলিপ রায় ','','700','0','500','','1','0','0',1,'1','2022-08-19 01:50:24','2022-08-19 01:50:24'),(16,'রিপন দেবনাথ','','200','300','200','','1','0','0',1,'1','2022-08-19 01:50:39','2022-08-19 01:50:39'),(17,'প্রশান্ত কুমার','','0','0','0','','1','0','0',1,'1','2022-08-19 01:51:02','2022-08-19 01:51:02'),(18,'মানিক মোহন্ত ','','500','500','500','','2','0','0',1,'0','2022-08-19 01:52:20','2022-08-19 01:52:20'),(19,'লিটন সরকার ','','1200','1200','1000','','2','0','0',1,'0','2022-08-19 01:52:37','2022-08-19 01:52:37'),(20,'রাজেন্দ্রনাথ বর্মন ','','400','500','300','','2','0','0',1,'0','2022-08-19 01:58:13','2022-08-19 01:58:13'),(21,'সুরেশ চন্দ্র রায়','','700','600','500','','2','0','0',1,'0','2022-08-19 01:58:27','2022-08-19 01:58:27'),(22,'নমিতা রানী','','1500','500','500','','2','0','0',1,'0','2022-08-19 01:58:44','2022-08-19 01:58:44'),(23,'শিপ্রা রাণী ','','700','500','500','','2','0','0',1,'1','2022-08-19 01:58:59','2022-08-19 01:58:59'),(24,'কংকর রায় ','','1000','500','0','','2','0','0',1,'1','2022-08-19 01:59:18','2022-08-19 01:59:18'),(25,'মহামায়া বর্মনী ','','500','500','500','','2','0','0',1,'0','2022-08-19 01:59:34','2022-08-19 01:59:34'),(26,'দীলিপ রায়','','300','500','0','','2','0','0',1,'1','2022-08-19 01:59:47','2022-08-19 01:59:47'),(27,'রবিন্দ্র নাথ বর্মন ','','700','1000','600','','2','0','0',1,'1','2022-08-19 02:00:03','2022-08-19 02:00:03'),(28,'বিমল মণ্ডল ','','200','300','200','','2','0','0',1,'1','2022-08-19 02:00:15','2022-08-19 02:00:15'),(29,'সুজিত কুমার সরকার ','','1000','1000','1000','','2','0','0',1,'0','2022-08-19 02:00:53','2022-08-19 02:00:53'),(30,'অমল চন্দ্র দাস ','','2000','1100','1000','','3','0','0',1,'0','2022-08-19 02:01:21','2022-08-19 02:01:21'),(31,'রতন শীল ','','250','300','300','','3','0','0',1,'0','2022-08-19 02:01:57','2022-08-19 02:01:57'),(32,'রণজিৎ রায় ','','1000','1000','1000','','3','0','0',1,'0','2022-08-19 02:02:11','2022-08-19 02:02:11'),(33,'বাবুল সরকার ','','1000','1000','1000','','3','0','0',1,'0','2022-08-19 02:02:28','2022-08-19 02:02:28'),(34,'পরমেশ্বর বর্মন','','700','1000','700','','3','0','0',1,'0','2022-08-19 02:03:05','2022-08-19 02:03:05'),(35,'সনদ সরকার','','1500','0','1000','','3','0','0',1,'1','2022-08-19 02:03:23','2022-08-19 02:03:23'),(36,'অম্বিকা চরন ','','1000','1500','1500','','3','0','0',1,'0','2022-08-19 02:03:39','2022-08-19 02:03:39'),(37,'রনবীর রায় ','','500','300','300','','3','0','0',1,'1','2022-08-19 02:04:39','2022-08-19 02:04:39'),(38,'গোপাল চন্দ্র রায় ','','1200','2000','1000','','3','0','0',1,'0','2022-08-19 02:10:18','2022-08-19 02:10:18'),(39,'লালমোহন রায়','','240','300','300','','3','0','0',1,'1','2022-08-19 02:10:41','2022-08-19 02:10:41'),(40,'মৃনাল চন্দ্র রায় ','','600','500','500','','3','0','0',1,'1','2022-08-19 02:10:55','2022-08-19 02:10:55'),(41,'নারায়ন চন্দ্র সাহা ','','2500','3000','2000','','3','0','0',1,'0','2022-08-19 02:11:09','2022-08-19 02:11:09'),(42,'আনন্দ সাহা ','','2000','1000','800','','3','0','0',1,'0','2022-08-19 02:11:21','2022-08-19 02:11:21'),(43,'দেবেন্দ্রনাথ বর্মন ','','1200','800','600','','3','0','0',1,'0','2022-08-19 02:11:33','2022-08-19 02:11:33'),(44,'জগদীশ চন্দ্র সেন ','','1020','1100','500','','3','0','0',1,'0','2022-08-19 02:11:48','2022-08-19 02:11:48'),(45,'হরিদাস রায় ','','500','500','400','','3','0','0',1,'1','2022-08-19 02:12:01','2022-08-19 02:12:01'),(46,'নিখিল চন্দ্র বর্মন ','','400','0','500','','3','0','0',1,'1','2022-08-19 02:12:13','2022-08-19 02:12:13'),(47,'ননীগোপাল সাহা ','','500','501','502','','3','0','0',1,'0','2022-08-19 02:13:00','2022-08-19 02:13:00'),(48,'তাপস রায় ','','200','100','100','','3','0','0',1,'1','2022-08-19 02:13:11','2022-08-19 02:13:11'),(49,'বিনয় মোহন্ত','','500','1000','700','','3','0','0',1,'1','2022-08-19 02:13:27','2022-08-19 02:13:27'),(50,'প্রশান্ত কুমার বর্মন','','3000','2000','2000','','3','0','0',1,'0','2022-08-19 02:13:40','2022-08-19 02:13:40'),(51,'রনবীর রায় ','','0','2000','2000','','3','0','0',1,'0','2022-08-19 02:14:00','2022-08-19 02:14:00'),(52,'সুকদেব রায় ','','800','700','700','','3','0','0',1,'1','2022-08-19 02:14:24','2022-08-19 02:14:24'),(53,'শিবেন রায়','','300','300','300','','3','0','0',1,'1','2022-08-19 02:14:43','2022-08-19 02:14:43'),(54,'নগেন্দ্রনাথ বনিক ','','500','500','500','','3','0','0',1,'0','2022-08-19 02:15:21','2022-08-19 02:15:21'),(55,'অমুল্য চন্দ্র বর্মন','','1000','1000','1000','','3','0','0',1,'0','2022-08-19 02:15:33','2022-08-19 02:15:33'),(56,'রতন রায় ','','300','300','0','','3','0','0',1,'0','2022-08-19 02:15:45','2022-08-19 02:15:45'),(57,'নির্মল চন্দ্র বর্মন','','500','0','0','','3','0','0',1,'1','2022-08-19 02:16:00','2022-08-19 02:16:00'),(58,'বাদল বর্মন','','700','500','600','','4','0','0',1,'0','2022-08-19 02:19:25','2022-08-19 02:19:25'),(59,'তপন চক্রবর্তী ','','1000','1000','1000','','4','0','0',1,'0','2022-08-19 02:20:00','2022-08-19 02:20:00'),(60,'সন্ধ্যা রানী ','','500','300','250','','4','0','0',1,'0','2022-08-19 02:23:08','2022-08-19 02:23:08'),(61,'জীবন চন্দ্র বর্মন','','700','1500','500','','4','0','0',1,'0','2022-08-19 02:23:23','2022-08-19 02:23:23'),(62,'ফনি বর্মন','','500','1000','0','','4','0','0',1,'0','2022-08-19 02:23:45','2022-08-19 02:23:45'),(63,'প্রদীপ চন্দ্র মোহন্ত ','','0','500','0','','4','0','0',1,'1','2022-08-19 02:24:00','2022-08-19 02:24:00'),(64,'গোবিন্দ চন্দ্র শীল','','0','0','300','','4','0','0',1,'1','2022-08-19 02:24:24','2022-08-19 02:24:24'),(65,'খগেন্দ্রনাথ বর্মন ','','500','400','400','','4','0','0',1,'1','2022-08-19 02:24:43','2022-08-19 02:24:43'),(66,'চন্দ্রকান্ত সরকার ','','1200','1100','1000','','4','0','0',1,'0','2022-08-19 02:24:56','2022-08-19 02:24:56'),(67,'বিমল সরকার ','','1000','1000','700','','4','0','0',1,'1','2022-08-19 02:25:12','2022-08-19 02:25:12'),(68,'দুলু রানী','','0','0','300','','4','0','0',1,'1','2022-08-19 02:25:30','2022-08-19 02:25:30'),(69,'রমানাথ বর্মন ','','300','500','200','','4','0','0',1,'0','2022-08-19 02:25:48','2022-08-19 02:25:48'),(70,'গজেন্দ্রনাথ শীল ','','400','500','300','','4','0','0',1,'0','2022-08-19 02:26:02','2022-08-19 02:26:02'),(71,'রাজেন্দ্রনাথ শীল ','','1100','500','500','','4','0','0',1,'0','2022-08-19 02:26:17','2022-08-19 02:26:17'),(72,'অবিনাশ বর্মন','','500','600','0','','4','0','0',1,'0','2022-08-19 02:26:34','2022-08-19 02:26:34'),(73,'বাবলু মোহন্ত ','','0','300','200','','4','0','0',1,'0','2022-08-19 02:26:52','2022-08-19 02:26:52'),(74,'সত্যেন শীল ','','0','200','150','','4','0','0',1,'1','2022-08-19 02:27:07','2022-08-19 02:27:07'),(75,'রাধিকা রানী','','0','0','250','','4','0','0',1,'1','2022-08-19 02:27:21','2022-08-19 02:27:21'),(76,'সুকুমার রায়','','500','0','0','','4','0','0',1,'1','2022-08-19 02:27:46','2022-08-19 02:27:46'),(77,'সুরেশ বর্মন','','200','0','0','','4','0','0',1,'1','2022-08-19 02:28:00','2022-08-19 02:28:00'),(78,'শুভ সাহা ','','200','300','0','','4','0','0',1,'0','2022-08-19 02:28:34','2022-08-19 02:28:34'),(79,'বাবন চন্দ্র পাল ','','350','1000','200','','5','0','0',1,'0','2022-08-19 02:28:57','2022-08-19 02:28:57'),(80,'দ্বিজেন্দ্র নাথ শীল ','','300','1000','0','','5','0','0',1,'0','2022-08-19 02:29:13','2022-08-19 02:29:13'),(81,'তপন কুমার রায় ','','300','400','300','','5','0','0',1,'0','2022-08-19 02:29:27','2022-08-19 02:29:27'),(82,'শ্যামল  মোহন্ত ','','350','300','300','','5','0','0',1,'0','2022-08-19 02:29:55','2022-08-19 02:29:55'),(83,'অনন্ত শীল ','','290','300','200','','6','0','0',1,'0','2022-08-19 02:30:12','2022-08-19 02:30:12'),(84,'রবীন্দ্রনাথ রায় ','','600','700','700','','6','0','0',1,'0','2022-08-19 02:30:33','2022-08-19 02:30:33'),(85,'সুধাংশু কুমার নায়েক ','','1000','1500','1500','','6','0','0',1,'0','2022-08-19 02:30:50','2022-08-19 02:30:50'),(86,'নিপেন মোহন্ত ','','1200','1000','1000','','6','0','0',1,'0','2022-08-19 02:31:27','2022-08-19 02:31:27'),(87,'উপেন চন্দ্র মোহন্ত ','','400','500','500','','6','0','0',1,'0','2022-08-19 02:31:40','2022-08-19 02:31:40'),(88,'সোনা রাণী ','','102','200','150','','6','0','0',1,'0','2022-08-19 02:31:52','2022-08-19 02:31:52'),(89,'অর্জুন সাহা ','','200','500','200','','6','0','0',1,'1','2022-08-19 02:32:07','2022-08-19 02:32:07'),(90,'বিজয় সাহা ','','200','500','200','','6','0','0',1,'1','2022-08-19 02:32:20','2022-08-19 02:32:20'),(91,'গৌর গোপাল সাহা ','','1500','1500','700','','6','0','0',1,'0','2022-08-19 02:32:35','2022-08-19 02:32:35'),(92,'সুরঞ্জিত সাহা ','','1000','700','500','','6','0','0',1,'0','2022-08-19 02:32:50','2022-08-19 02:32:50'),(93,'ঝর্ণা সাহা ','','1500','2000','1500','','6','0','0',1,'0','2022-08-19 02:33:06','2022-08-19 02:33:06'),(94,'নকুল মোহন্ত ','','400','500','300','','6','0','0',1,'0','2022-08-19 02:33:19','2022-08-19 02:33:19'),(95,'গোকুল চন্দ্র','','200','300','200','','6','0','0',1,'0','2022-08-19 02:34:10','2022-08-19 02:34:10'),(96,'অতুল মোহন্ত ','','250','300','300','','6','0','0',1,'0','2022-08-19 02:34:29','2022-08-19 02:34:29'),(97,'বিশ্বজিৎ বনিক ','','1300','1200','1200','','6','0','0',1,'0','2022-08-19 02:34:45','2022-08-19 02:34:45'),(98,'নির্মল সাঁজোয়াল ','','500','800','700','','6','0','0',1,'0','2022-08-19 02:35:00','2022-08-19 02:35:00'),(99,'সুবল চন্দ্র বর্মন','','1500','2200','1500','','6','0','0',1,'0','2022-08-19 02:35:23','2022-08-19 02:35:23'),(100,'সুরেশ দত্ত ','','200','300','100','','6','0','0',1,'0','2022-08-19 02:35:34','2022-08-19 02:35:34'),(101,'পিয়নাথ রায়','','500','0','0','','6','0','0',1,'1','2022-08-19 02:35:48','2022-08-19 02:35:48'),(102,'প্রদিপ মোহন্ত','','200','0','0','','6','0','0',1,'1','2022-08-19 02:35:59','2022-08-19 02:35:59'),(103,'গনেশ চন্দ্র রায় ','','0','500','300','','7','0','0',1,'1','2022-08-19 02:36:33','2022-08-19 02:36:33'),(104,'ভোলানাথ রায়','','300','500','0','','7','0','0',1,'0','2022-08-19 02:36:49','2022-08-19 02:36:49'),(105,'নলিনী মোহন্ত ','','600','501','500','','7','0','0',1,'0','2022-08-19 02:37:03','2022-08-19 02:37:03'),(106,'নিহার মোহন্ত','','300','300','200','','7','0','0',1,'0','2022-08-19 02:37:24','2022-08-19 02:37:24'),(107,'সুবল বর্মন ','','1000','1000','500','','7','0','0',1,'0','2022-08-19 02:37:49','2022-08-19 02:37:49'),(108,'পঙ্কজ অধিকারী ','','500','500','500','','7','0','0',1,'0','2022-08-19 02:38:00','2022-08-19 02:38:00'),(109,'গোপাল চন্দ্র সরকার ','','1000','500','500','','7','0','0',1,'0','2022-08-19 02:38:13','2022-08-19 02:38:13'),(110,'মাধাই রায় ','','0','500','0','','7','0','0',1,'0','2022-08-19 02:38:25','2022-08-19 02:38:25'),(111,'অনিল রায়','','200','0','0','','7','0','0',1,'1','2022-08-19 02:38:36','2022-08-19 02:38:36');
/*!40000 ALTER TABLE `donorsdata` ENABLE KEYS */;
UNLOCK TABLES;
COMMIT;

-- Dumped table `donorsdata` with 111 row(s)
--

--
-- Table structure for table `expences`
--

/*!40101 SET @saved_cs_client     = @@character_set_client */;
/*!40101 SET character_set_client = utf8 */;
CREATE TABLE `expences` (
  `id` int(11) NOT NULL AUTO_INCREMENT,
  `name` mediumtext NOT NULL,
  `amount` mediumtext NOT NULL,
  `added_on` mediumtext NOT NULL,
  `category_id` int(11) NOT NULL,
  `user_id` mediumtext NOT NULL,
  PRIMARY KEY (`id`)
) ENGINE=InnoDB AUTO_INCREMENT=17 DEFAULT CHARSET=utf8mb4;
/*!40101 SET character_set_client = @saved_cs_client */;

--
-- Dumping data for table `expences`
--

LOCK TABLES `expences` WRITE;
/*!40000 ALTER TABLE `expences` DISABLE KEYS */;
SET autocommit=0;
INSERT INTO `expences` VALUES (1,'à¦•à¦¾à¦ ','4200','2021-09-14 12:29:49',1,'1'),(2,'à¦®à¦¾à¦²à¦¿','3500','2021-09-13 06:05:01',1,'1'),(3,'à¦ªà§à¦²à¦¾à¦‡à¦‰à¦¡','3150','1631348847',1,'1'),(4,'à¦šà¦¾à¦²','0','2021-09-13 06:05:47',4,'1'),(7,'à¦¤à¦¾à¦°à¦•à¦¾à¦Ÿà¦¾ à¦“ à¦¸à§à¦¤à¦²à¦¿ ','1100','2021-09-13 12:31:42',1,'1'),(8,'à¦®à§‡à¦¸à§‡à¦œ à¦¬à¦¾à¦¬à¦¦','100','2021-09-13 06:03:33',5,'1'),(9,'à¦ªà§à¦¯à¦¾à¦¡ à¦“ à¦•à¦¾à¦²à¦¿','90','2021-09-13 06:03:58',5,'1'),(10,'à¦«à¦Ÿà§‹à¦•à¦ªà¦¿ ','95','2021-09-13 06:04:19',5,'1'),(11,'à¦›à¦¬à¦¿ à¦“ à¦°à¦¸à¦¿à¦¦ à¦ªà§à¦°à¦¿à¦¨à§à¦Ÿ','855','2021-09-13 06:06:34',5,'1'),(12,'à¦ªà¦¦à§à¦® à¦«à§à¦² à¦¯à¦¾à¦¤à¦¾à§Ÿà¦¾à¦¤ ','159','2021-09-13 06:07:06',1,'1'),(13,'à¦§à§à¦¤à¦¿','480','2021-09-14 12:26:53',1,'1'),(14,'à¦ªà§à¦°à¦¤à¦¿à¦®à¦¾à¦° à¦•à¦¾à¦ ','0','2021-09-14 12:30:06',1,'1'),(15,'à¦¨à¦¾à¦¸à§à¦¤à¦¾','100','2021-09-14 12:28:24',6,'1'),(16,'à¦²à¦¾à¦‡à¦Ÿà¦¿à¦‚ à¦¡à§‡à¦•à¦°à§‡à¦¶à¦¨','130','2021-09-14 12:31:05',3,'1');
/*!40000 ALTER TABLE `expences` ENABLE KEYS */;
UNLOCK TABLES;
COMMIT;

-- Dumped table `expences` with 14 row(s)
--

--
-- Table structure for table `road`
--

/*!40101 SET @saved_cs_client     = @@character_set_client */;
/*!40101 SET character_set_client = utf8 */;
CREATE TABLE `road` (
  `id` int(11) NOT NULL AUTO_INCREMENT,
  `name` varchar(255) NOT NULL,
  `status` int(11) NOT NULL,
  PRIMARY KEY (`id`)
) ENGINE=InnoDB AUTO_INCREMENT=15 DEFAULT CHARSET=utf8mb4;
/*!40101 SET character_set_client = @saved_cs_client */;

--
-- Dumping data for table `road`
--

LOCK TABLES `road` WRITE;
/*!40000 ALTER TABLE `road` DISABLE KEYS */;
SET autocommit=0;
INSERT INTO `road` VALUES (1,'সার্থর গলি- মোড়',1),(2,'মানিক এর গলি',1),(3,'বুলেট এর গলি',1),(4,'সৌভিক- সজিব',1),(5,'মিঠুনের গলি',1),(6,'সুজনের গলি',1),(7,'মানিকের মামার গলি',1),(8,'উত্তম-স্বপ্ন',1),(9,' চন্দ্রসাধু গলি',1),(10,' অরুন কেশরী+ কাঞ্চন গলি',1),(11,' অমৃত-অজয় +বিধান স্যার গলি',1),(12,' মিলনের গলি-বিপ্লব-অন্তরা',1),(13,' তুলির গলি',1),(14,'বিদিতের গলি ',1);
/*!40000 ALTER TABLE `road` ENABLE KEYS */;
UNLOCK TABLES;
COMMIT;

-- Dumped table `road` with 14 row(s)
--

--
-- Table structure for table `volanteers`
--

/*!40101 SET @saved_cs_client     = @@character_set_client */;
/*!40101 SET character_set_client = utf8 */;
CREATE TABLE `volanteers` (
  `id` int(11) NOT NULL AUTO_INCREMENT,
  `name` varchar(255) NOT NULL,
  `mobile` varchar(11) NOT NULL,
  `email` varchar(255) NOT NULL,
  `amount` varchar(11) NOT NULL,
  `father` varchar(255) NOT NULL,
  `blood_group` varchar(11) NOT NULL,
  `nineteen` mediumtext NOT NULL,
  `twenty` mediumtext NOT NULL,
  `paid_amount` varchar(11) NOT NULL,
  `email_status` varchar(11) NOT NULL,
  `status` int(11) NOT NULL,
  `time_added_on` varchar(25) NOT NULL,
  `time_updated_on` varchar(25) NOT NULL,
  PRIMARY KEY (`id`)
) ENGINE=InnoDB AUTO_INCREMENT=3 DEFAULT CHARSET=utf8mb4;
/*!40101 SET character_set_client = @saved_cs_client */;

--
-- Dumping data for table `volanteers`
--

LOCK TABLES `volanteers` WRITE;
/*!40000 ALTER TABLE `volanteers` DISABLE KEYS */;
SET autocommit=0;
INSERT INTO `volanteers` VALUES (1,'à¦§à§à¦°à§à¦¬ à¦°à¦¾à¦œ à¦°à¦¾à§Ÿ','01705927257','dhruborajroy3@gmail.com','2021','à¦¦à§‡à¦¬à§‡à¦¨à§à¦¦à§à¦° à¦¨à¦¾à¦¥ à¦°à¦¾à§Ÿ','1','2019','202','0','1',1,'2021-10-13 11:40:12','2021-10-13 11:40:12'),(2,'à¦œà§€à¦¬à¦¨ à¦šà¦¨à§à¦¦à§à¦° à¦¬à¦°à§à¦®à¦¨','01630977577','jibon@gmail.com','200','à¦®à§ƒà¦¤ à¦¯à¦¾à¦¤à§à¦°à¦¾ à¦šà¦¨à§à¦¦à§à¦° à¦¬à¦°à§à¦®à¦¨','1','0','0','0','1',1,'2021-09-21 07:16:18','2021-09-21 07:16:18');
/*!40000 ALTER TABLE `volanteers` ENABLE KEYS */;
UNLOCK TABLES;
COMMIT;

-- Dumped table `volanteers` with 2 row(s)
--

/*!40103 SET TIME_ZONE=@OLD_TIME_ZONE */;
/*!40101 SET AUTOCOMMIT=@OLD_AUTOCOMMIT */;
/*!40101 SET SQL_MODE=@OLD_SQL_MODE */;
/*!40014 SET FOREIGN_KEY_CHECKS=@OLD_FOREIGN_KEY_CHECKS */;
/*!40014 SET UNIQUE_CHECKS=@OLD_UNIQUE_CHECKS */;
/*!40101 SET CHARACTER_SET_CLIENT=@OLD_CHARACTER_SET_CLIENT */;
/*!40101 SET CHARACTER_SET_RESULTS=@OLD_CHARACTER_SET_RESULTS */;
/*!40101 SET COLLATION_CONNECTION=@OLD_COLLATION_CONNECTION */;
/*!40111 SET SQL_NOTES=@OLD_SQL_NOTES */;

-- Dump completed on: Fri, 19 Aug 2022 11:12:24 +0200
